{
  "features_used": [
    "count_per_ip",
    "unique_users_per_ip",
    "events_per_ip_hour",
    "is_valid_ipv4",
    "hour",
    "weekday",
    "is_weekend",
    "secs_since_prev_event",
    "secs_to_next_event",
    "events_prev_10min",
    "events_next_10min"
  ],
  "n_train": 15000,
  "n_test": 5000,
  "class_balance_test": {
    "negatives": 4758,
    "positives": 242
  },
  "roc_auc_test": 0.5030162336421651,
  "pr_auc_test": 0.04995610501673884,
  "classification_report_test": {
    "0": {
      "precision": 0.9536967886482449,
      "recall": 0.5367801597309794,
      "f1-score": 0.6869284561592254,
      "support": 4758.0
    },
    "1": {
      "precision": 0.050818260120585705,
      "recall": 0.48760330578512395,
      "f1-score": 0.09204368174726989,
      "support": 242.0
    },
    "accuracy": 0.5344,
    "macro avg": {
      "precision": 0.5022575243844153,
      "recall": 0.5121917327580516,
      "f1-score": 0.3894860689532476,
      "support": 5000.0
    },
    "weighted avg": {
      "precision": 0.9099974678675062,
      "recall": 0.5344,
      "f1-score": 0.6581360330776868,
      "support": 5000.0
    }
  },
  "confusion_matrix_test": [
    [
      2554,
      2204
    ],
    [
      124,
      118
    ]
  ],
  "cv_roc_auc_train": 0.48061513398919536,
  "cv_pr_auc_train": 0.046148944599102376
}