,basic_describe,basic_describe,mean_per_category
,value,category,mean_value
count,120.0,120,
unique,,3,
top,,A,
freq,,47,
mean,-0.06040188838740048,,
std,0.7848880804444001,,
min,-1.9510351886538364,,
25%,-0.5456570207220504,,
50%,-0.033363534245270846,,
75%,0.5059478544286602,,
max,2.1416476008704612,,
A,,,-0.061493066937693054
B,,,-0.06858894607187041
C,,,-0.050562818215479984
