{
  "features_used": [
    "count_per_ip",
    "unique_users_per_ip",
    "events_per_ip_hour",
    "is_valid_ipv4",
    "hour",
    "weekday",
    "is_weekend",
    "secs_since_prev_event",
    "secs_to_next_event",
    "events_prev_10min",
    "events_next_10min"
  ],
  "n_train": 15000,
  "n_test": 5000,
  "class_balance_test": {
    "negatives": 4758,
    "positives": 242
  },
  "roc_auc_test": 0.47320042103946713,
  "pr_auc_test": 0.045358118783252424,
  "classification_report_test": {
    "0": {
      "precision": 0.9482237339380196,
      "recall": 0.5273224043715847,
      "f1-score": 0.6777417612101567,
      "support": 4758.0
    },
    "1": {
      "precision": 0.044604927782497875,
      "recall": 0.43388429752066116,
      "f1-score": 0.08089368258859785,
      "support": 242.0
    },
    "accuracy": 0.5228,
    "macro avg": {
      "precision": 0.49641433086025877,
      "recall": 0.48060335094612294,
      "f1-score": 0.3793177218993773,
      "support": 5000.0
    },
    "weighted avg": {
      "precision": 0.9044885837200923,
      "recall": 0.5228,
      "f1-score": 0.6488543142048733,
      "support": 5000.0
    }
  },
  "confusion_matrix_test": [
    [
      2509,
      2249
    ],
    [
      137,
      105
    ]
  ],
  "cv_roc_auc_train": 0.4864305022391524,
  "cv_pr_auc_train": 0.04697211062716247
}